language_from,language_to,word_from,word_to,number_of_completed_translations
English,Ukrainian,voluminous,об'ємні,0
English,Ukrainian,brimmed,наповнений краєм,0
English,Ukrainian,brim,край,0
English,Ukrainian,Hinder,Перешкоджати,0
English,Ukrainian,commensurate,співмірний,0
German,Ukrainian,Zusatzpanzerung,додаткова броня,0
English,Ukrainian,rapacious,хижий,0
English,Ukrainian,outlook,світогляд,0
English,Ukrainian,upbringing,виховання,0
English,Ukrainian,herald,вісник,0
English,Ukrainian,precipitously,стрімко,0
English,Ukrainian,paragon,зразком,0
English,Ukrainian,usher,пристав,0
English,Ukrainian,tenacity,завзятість,0
English,Ukrainian,shun,уникати,0
English,Ukrainian,perseverance,наполегливість,0
English,Ukrainian,deter,стримувати,0
English,Ukrainian,denunciation,донос,0
English,Ukrainian,grip,захоплення,0
English,Ukrainian,assertive,напористий,0
English,Ukrainian,daunt,лякати,0
English,Ukrainian,shudder,здригатися,0
English,Ukrainian,platitude,банальність,0
English,Ukrainian,blunt,тупий,0
English,Ukrainian,fugitive,втікач,0
English,Ukrainian,insatiable,ненаситний,0
English,Ukrainian,indiscriminately,без розбору,0
English,Ukrainian,mould,цвіль,0
English,Ukrainian,conduit,трубопровід,0
English,Ukrainian,par excellence,par excellence,0
English,Ukrainian,nimble,спритний,0
English,Ukrainian,disarmingly,обеззброююче,0
English,Ukrainian,befit,личить,0
English,Ukrainian,exude,виділятися,0
English,Ukrainian,struck out,викреслено,0
English,Ukrainian,underdog,аутсайдер,0
English,Ukrainian,disaffected,незадоволений,0
English,Ukrainian,dabble,плескатися,0
English,Ukrainian,flicker,мерехтіння,0
English,Ukrainian,twinkle,мерехтіння,0
English,Ukrainian,scurrilous,сварливий,0
English,Ukrainian,dubious,сумнівний,0
English,Ukrainian,swatches,зразки,0
English,Ukrainian,forthcoming,майбутній,0
English,Ukrainian,stud,шпилька,0
English,Ukrainian,fruitless,безплідний,0
English,Ukrainian,flurry,шквал,0
English,Ukrainian,barring,заборона,0
English,Ukrainian,strident,пронизливий,0
English,Ukrainian,scold,лаяти,0
English,Ukrainian,blickness,чорнота,0
English,Ukrainian,swashbuckler,пройдисвіт,0
English,Ukrainian,cog,гвинтик,0
English,Ukrainian,underpin,підкладка,0
English,Ukrainian,frenetic,шалений,0
English,Ukrainian,wield,володіти,0
English,Ukrainian,smoulder,тліти,0
English,Ukrainian,dawn,світанок,0
English,Ukrainian,grimly,похмуро,0
English,Ukrainian,gruesome,жахливий,0
English,Ukrainian,drainpipe,водостічна труба,0
English,Ukrainian,flatbed,планшетний,0
English,Ukrainian,makeshift,імпровізований,0
English,Ukrainian,plight,важке становище,0
English,Ukrainian,carnage,різанина,0
English,Ukrainian,bloodcurdling,кровообіг,0
English,Ukrainian,cowered,зіщулився,0
English,Ukrainian,putrid,гнильний,0
English,Ukrainian,fetid,смердючий,0
English,Ukrainian,thick-set,густонасаджений,0
English,Ukrainian,overtly,відверто,0
English,Ukrainian,waiver,відмова,0
English,Ukrainian,covert,прихований,0
English,Ukrainian,vying,змагаючись,0
English,Ukrainian,wiry,жилавий,0
English,Ukrainian,trickle,цівка,0
English,Ukrainian,rag-tag,ганчірка,0
English,Ukrainian,throes,муки,0
English,Ukrainian,chaperoning,супроводжуючий,0
English,Ukrainian,corkscrew,штопор,0
English,Ukrainian,expanse,роздолля,0
English,Ukrainian,barren,безплідний,0
English,Ukrainian,vicious,порочний,0
English,Ukrainian,wet-bulb,вологий термометр,0
English,Ukrainian,egregious,кричущий,0
English,Ukrainian,creep ahead,повзти вперед,0
English,Ukrainian,juror,присяжний,0
English,Ukrainian,nomadic,кочовий,0
English,Ukrainian,sneak up,підкрастися,0
English,Ukrainian,soliciting,вимагання,0
English,Ukrainian,lit,освітлений,0
English,Ukrainian,a leap year,високосний рік,0
English,Ukrainian,novelty effect,ефект новизни,0
English,Ukrainian,onus,тягар,0
Ukrainian,English,п’ята,the fifth,0
Ukrainian,English,пупок,navel,0
English,Ukrainian,drywall,гіпсокартон,0
English,Ukrainian,resort,курорт,0
English,Ukrainian,invariably,незмінно,0
English,Ukrainian,concentric,концентричний,0
English,Ukrainian,gerrymandering,джерімендінг,0
English,Ukrainian,disillusioned,розчарований,0
English,Ukrainian,sophistry,софістика,0
English,Ukrainian,lump,грудка,0
English,Ukrainian,overt,відкритий,0
English,Ukrainian,palpable,відчутний,0
English,Ukrainian,upending,перевертання,0
English,Ukrainian,contender,претендент,0
English,Ukrainian,grabby,хапливий,0
English,Ukrainian,clobber,стукати,0
English,Ukrainian,charred,обвуглені,0
English,Ukrainian,anointed,помазаний,0
English,Ukrainian,hose,шланг,0
English,Ukrainian,hook up,підключити,0
English,Ukrainian,mesmerized,загіпнотизований,0
English,Ukrainian,innermost,найпотаємніший,0
English,Ukrainian,craven,боягузливий,0
English,Ukrainian,abomination,гидота,0
English,Ukrainian,watertight,водонепроникний,0
English,Ukrainian,defamation,наклеп,0
English,Ukrainian,desist,припинити,0
English,Ukrainian,cease,припинити,0
English,Ukrainian,snap,знімок,0
English,Ukrainian,sacrosanct,священний,0
English,Ukrainian,ruse,хитрість,0
English,Ukrainian,aberration,аберація,0
English,Ukrainian,goofy,дурний,0
English,Ukrainian,confide,довіряти,0
English,Ukrainian,disenfranchise,позбавити виборчих прав,0
English,Ukrainian,hamlet,хутір,0
English,Ukrainian,compound,з'єднання,0
English,Ukrainian,spook,привид,0
English,Ukrainian,docile,слухняний,0
English,Ukrainian,devouring,пожираючий,0
English,Ukrainian,spanking,шльопання,0
English,Ukrainian,grind,подрібнити,0
English,Ukrainian,dissect,препарувати,0
English,Ukrainian,peculiar,своєрідний,0
English,Ukrainian,idiosyncratic,ідіосинкратичний,0
English,Ukrainian,overhaul,капітальний ремонт,0
English,Ukrainian,cramps,судоми,0
English,Ukrainian,skillet,сковорода,0
English,Ukrainian,requite,відповідний,0
English,Ukrainian,summon,викликати,0
English,Ukrainian,olfactory,нюховий,0
English,Ukrainian,dormant,сплячий,0
English,Ukrainian,limestone,вапняк,0
Ukrainian,English,виставляти,put up,0
English,Ukrainian,face the music,обличчям до музики,0
English,Ukrainian,amass,накопичувати,0
English,Ukrainian,incoherent,незв'язний,0
English,Ukrainian,repellent,відштовхуючий,0
English,Ukrainian,intermittent,переривчастий,0
English,Ukrainian,hail,град,0
English,Ukrainian,indictment,обвинувачення,0
English,Ukrainian,bucket list,список справ перед смертю,0
English,Ukrainian,possessed,одержимий,0
English,Ukrainian,splurging,марнотратство,0
English,Ukrainian,gentrification,джентрифікація,0
English,Ukrainian,pristine,незайманий,0
English,Ukrainian,restrain,стримувати,0
English,Ukrainian,vociferous,крикливий,0
English,Ukrainian,akin,споріднений,0
English,Ukrainian,rescinding,скасування,0
English,Ukrainian,provision,положення,0
English,Ukrainian,infringement,порушення,0
English,Russian,sucerinity,надменность,0
English,Ukrainian,eviction,виселення,0
English,Ukrainian,preponderance,перевага,0
English,Ukrainian,whip,батогом,0
English,Ukrainian,holler,кричати,0
English,Ukrainian,Squiggle,Завивки,0
English,Ukrainian,decimate,знищити,0
English,Ukrainian,ostensibly,нібито,0
English,Ukrainian,stand a chance,мати шанс,0
English,Ukrainian,stalking,переслідування,0
English,Ukrainian,stalk,стебло,0
English,Ukrainian,primordial,споконвічний,0
English,Ukrainian,ramble,блукати,0
English,Ukrainian,hankering,прагнення,0
English,Ukrainian,mansplaining,мансплейнінг,0
English,Ukrainian,tumultuous,бурхливий,0
English,Ukrainian,hookup,підключення,0
English,Ukrainian,think over,обдумати,0
English,Ukrainian,conceive,зачати,0
English,Ukrainian,obliterated,стертий,0
English,Ukrainian,shallot,шалот,0
English,Ukrainian,cahoot,змова,0
English,Ukrainian,odor,запах,0
English,Ukrainian,palate,смак,0
English,Ukrainian,vigilant,пильний,0
English,Ukrainian,demeaning,принизливий,0
English,Ukrainian,caveat,застереження,0
English,Ukrainian,lucidity,ясність,0
English,Ukrainian,ginger,імбир,0
English,Ukrainian,solicitation,клопотання,0
English,Ukrainian,armistice,перемир'я,0
English,Ukrainian,vanity,марнославство,0
English,Ukrainian,appropriation,привласнення,0
English,Ukrainian,riddle,загадка,0
English,Ukrainian,folly,дурість,0
English,Ukrainian,concede,поступатися,0
English,Ukrainian,proponent,пропонент,0
English,Ukrainian,dissent,інакомислення,0
English,Ukrainian,fidgety,непосидючий,0
English,Ukrainian,relatable,відносний,0
English,Ukrainian,infringe,порушувати,0
English,Ukrainian,ameliorate,поліпшити,0
English,Ukrainian,hanker,жадібний,0
German,Ukrainian,coarse,грубий,0
English,Ukrainian,obscene,непристойний,0
English,Ukrainian,obnoxious,огидний,0
English,Ukrainian,incapacitated,недієздатний,0
English,Ukrainian,ostentatious,показний,0
English,Ukrainian,hump,горб,0
English,Ukrainian,irrevocable,безповоротний,0
English,Ukrainian,neat,акуратний,0
English,Ukrainian,rack,стелаж,0
English,Ukrainian,bunk,двоярусна,0
English,Ukrainian,curl,завиток,0
English,Ukrainian,dope,дурман,0
English,Ukrainian,lure,приманка,0
English,Ukrainian,tread,протектор,0
English,Ukrainian,blunder,промах,0
English,Ukrainian,debunk,розвінчувати,0
English,Ukrainian,errand,доручення,0
English,Ukrainian,scabby,коростяві,0
English,Ukrainian,streak,смуга,0
English,Ukrainian,layaway,відкладений,0
English,Ukrainian,leap,стрибок,0
English,Ukrainian,precursor,попередник,0
English,Ukrainian,rile,роздратування,0
English,Ukrainian,onerous,обтяжливий,0
English,Ukrainian,wordsmith,словотворець,0
English,Ukrainian,profusely,рясно,0
English,Ukrainian,obtuse,тупий,0
English,Ukrainian,endearing,привабливий,0
English,Ukrainian,hamper,перешкоджати,0
English,Ukrainian,conjecture,припущення,0
English,Ukrainian,down a notch,на сходинку вниз,0
English,Ukrainian,clandestine,підпільний,0
English,Ukrainian,ironclad,залізний,0
English,Ukrainian,flotation,флотація,0
English,Ukrainian,pine,сосна,0
English,Ukrainian,obstetrician,акушер,0
English,Ukrainian,embodiment,втілення,0
English,Ukrainian,indignation,обурення,0
English,Ukrainian,linger,затримуватися,0
English,Russian,forensics,судебная экспертиза,0
English,Ukrainian,renounce,відмовлятися,0
English,Ukrainian,got laid,потрахався,0
English,Ukrainian,exploitative,експлуататорський,0
English,Ukrainian,misconduct,неправомірна поведінка,0
English,Ukrainian,repercussion,реперкусія,0
English,Ukrainian,quisling,квіслінг,0
English,Ukrainian,belligerent,войовничий,0
English,Ukrainian,lance,спис,0
English,Ukrainian,calamitious,катастрофічний,0
English,Ukrainian,conch,раковина,0
English,Ukrainian,scuba,акваланг,0
English,Ukrainian,spontaneity,спонтанність,0
English,Ukrainian,undergo,пройти,0
English,Ukrainian,rampage,буйство,0
English,Ukrainian,providence,провидіння,0
English,Ukrainian,jack-knifed,домкратний нож,0
English,Ukrainian,cunk,чулок,0
English,Ukrainian,bleaching,відбілювання,0
English,Ukrainian,clod,грудка,0
English,Ukrainian,brittle,крихкий,0
English,Ukrainian,horrendous,жахливий,0
English,Ukrainian,abruptly,різко,0
English,Ukrainian,resentful,обурений,0
English,Ukrainian,elude,вислизати,0
English,Ukrainian,culpable,винний,0
English,Ukrainian,adamant,непохитний,0
English,Ukrainian,precarious,ненадійний,0
English,Ukrainian,hollow,порожнистий,0
English,Ukrainian,sand off,відшліфувати,0
English,Ukrainian,consternation,жах,0
English,Ukrainian,headway,прогрес,0
English,Ukrainian,resentment,образа,0
English,Ukrainian,deceive,обманювати,0
English,Ukrainian,obliterate,стерти,0
English,Ukrainian,stalk people,переслідувати людей,0
English,Ukrainian,spillage,розлив,0
English,Ukrainian,rake up,розгрібати,0
English,Ukrainian,suppositories,супозиторії,0
English,Ukrainian,laxative,проносне,0
English,Ukrainian,mendacity,брехливість,0
English,Ukrainian,abrupt,різкий,0
English,Ukrainian,discernible,помітний,0
English,Ukrainian,inflict,наносити,0
English,Russian,acumen,проницательность,0
English,Russian,begrudge,завидовать,0
English,Russian,virulent,ядовитый,0
English,Russian,remorse,раскаяние,0
English,Russian,leniency,снисходительность,0
English,Russian,complicity,соучастие,0
English,Russian,abrogate,отменить,0
English,Russian,riveting,клепка,0
English,Russian,felon,уголовник,0
English,Russian,accessory,аксессуар,0
English,Russian,startled,пораженный,0
English,Russian,startl,вздрогнуть,0
English,Russian,composure,самообладание,0
English,Russian,vindicate,оправдывать,0
English,Russian,lustrious,блестящий,0
English,Russian,slew of disgruntled,множество недовольных,0
English,Russian,enrage,бесить,0
English,Russian,self-effacing,скромный,0
English,Russian,placate,успокоить,0
English,Russian,baloney,вздор,0
English,Russian,schlock,халтура,0
English,Russian,gregarious,общительный,0
English,Russian,luscious,сочный,0
English,Russian,perpetrate,совершать,0
English,Russian,apoplectic,апоплексический удар,0
English,Russian,reverence,благоговение,0
English,Russian,bedlam,бедлам,0
English,Ukrainian,outlast,пережити,0
English,Russian,infraction,нарушение,0
English,Russian,expulsion,изгнание,0
English,Russian,calamitous,бедственный,0
English,Russian,predicate,предикат,0
English,Ukrainian,pull off,зняти,0
English,Russian,futile,бесполезный,0
English,Russian,salvage run,спасательный пробег,0
English,Russian,haywire,беспорядок,0
English,Russian,whirl,кружиться,0
English,Russian,shirl,рубашка,0
English,Russian,ludicrous,смехотворный,0
English,Russian,traversal,обход,0
English,Russian,vertex,вершина,0
English,Russian,ripple,рябь,0
English,Russian,gleam,блеск,0
English,Russian,fording,переход вброд,0
English,Russian,guzzle,жрать,0
English,Russian,plume,шлейф,0
English,Russian,latch,защелка,0
English,Russian,morose,угрюмый,0
English,Russian,unconscionable,недобросовестный,0
English,Russian,shrivel,высыхать,0
English,Russian,equitable,справедливый,0
English,Russian,chute,парашют,0
English,Russian,incinerator,мусоросжигательная печь,0
English,Russian,suspenseful,тревожный,0
English,Russian,at once,сразу,0
English,Russian,unreasonable,неразумный,0
English,Russian,swell up,припухать,0
English,Russian,whipped cream,взбитые сливки,0
English,Russian,mumble,бормотать,0
English,Russian,mischievous,озорной,0
English,Russian,frown,хмуриться,0
English,Russian,frown upon,осуждают,0
English,Russian,wart,бородавка,0
English,Russian,despicable,презренный,0
English,Russian,copycat,подражатель,0
English,Russian,flock,стадо,0
English,Russian,upswing,подъем,0
English,Ukrainian,cloth dyes,барвники для тканини,0
English,Russian,allude,намекать,0
English,Russian,baler,пресс-подборщик,0
English,Russian,prone to seizures,склонен к судорогам,0
English,Russian,go on a limb,пойти на риск,0
English,Russian,misogynist,женоненавистник,0
English,Russian,trifecta,тройственный,0
English,Ukrainian,bifurcate,роздвоюються,0
English,Ukrainian,resurgence,відродження,0
English,Russian,without further ado,без дальнейших церемоний,0
English,Ukrainian,refute,спростовувати,0
English,Russian,choppy,изменчивый,0
English,Ukrainian,to cheer,вболівати,0
English,Ukrainian,shackled,скований,0
English,Ukrainian,blindfold,зав'язати очі,0
English,Russian,conjugate,сопряженный,0
English,Russian,bewilder,сбивать с толку,0
English,Russian,bewildered,сбитый с толку,0
English,Russian,mind-bended,безумный,0
English,Russian,indignant,возмущенный,0
English,Russian,blunty,прямолинейный,0
English,Russian,nagger,придираться,0
English,Russian,oppressive,угнетающий,0
English,Russian,blanched,бледный,0
English,Russian,spank,шлепать,0
English,Russian,senile,дряхлый,0
English,Russian,burglaries,кражи со взломом,0
English,Russian,extol,превозносить,0
English,Russian,apprehend,задерживать,0
English,Russian,reinvigorate,оживить,0
English,Russian,pesky,надоедливый,0
English,Russian,flippant,легкомысленный,0
English,Russian,dismay,тревога,0
English,Russian,lavatory,туалет,0
English,Russian,slouch,сутулиться,0
English,Russian,fluke,случайность,0
English,Russian,catch up,настигнуть,0
English,Russian,pant,тяжелое дыхание,0
Russian,Ukrainian,искра,іскра,0
English,Russian,escapade,побег,0
English,Russian,vehemence,страстность,0
English,Russian,perfidious,вероломный,0
English,Russian,pox,оспа,0
English,Russian,Armistice,перемирие,0
English,Russian,regiment,полк,0
English,Russian,riding saddle,седло для верховой езды,0
English,Russian,turnip,репа,0
English,Russian,barrage,заградительный огонь,0
English,Russian,immaculate,безупречный,0
English,Russian,overturn,переворачивать,0
English,Russian,secluded,уединенный,0
English,Russian,prolific,плодовитый,0
English,Russian,rascal,негодяй,0
English,Russian,exemplary,образцовый,0
English,Russian,upholstery,обивка,0
English,Russian,plead no contest,не признать обвинение,0
English,Russian,whatnot,что не так,0
English,Russian,slipped,поскользнулся,0
English,Russian,skunk,скунс,0
English,Russian,hardwired,зашитый,0
English,Russian,crayon,мелок,0
English,Russian,moat,ров,0
English,Russian,ribbon,лента,0
English,Russian,femur,бедро,0
English,Russian,clipping,вырезка,0
English,Russian,hitchhike,автостоп,0
English,Russian,pot of stew,горшок с тушеным мясом,0
English,Russian,so forth,так далее,0
English,Russian,chug,пыхтение,0
English,Russian,slurring,невнятный,0
English,Russian,macabre,жуткий,0
English,Russian,fiddlesticks,смычки,0
English,Russian,marsupial,сумчатый,0
English,Russian,homocide,убийство,0
English,Russian,utensils,посуда,0
English,Russian,doozy,головокружительный,0
English,Russian,indispensable,незаменимый,0
English,Russian,audacity,мужество,0
English,Russian,impound,конфисковывать,0
English,Russian,dispatch,отправлять,0
English,Russian,haste,поспешность,0
English,Russian,defiant,дерзкий,0
English,Russian,temerity,безрассудство,0
English,Russian,forensic,судебно-медицинский,0
English,Russian,beleaguered,осажденный,0
English,Russian,propoensity,склонность,0
English,Russian,amplify,усиливать,0
English,Russian,nadir,надир,0
English,Russian,insofar,насколько,0
English,Russian,ascribe,приписывать,0
English,Russian,encrustation,инкрустация,0
English,Russian,elucidate,разъяснить,0
English,Russian,drastic,резкий,0
English,Russian,conflation,смешение,0
English,Russian,pitfall,ловушка,0
English,Russian,Downside,Недостатки,0
English,Russian,cripple,калека,0
English,Russian,dissolution,растворение,0
Russian,English,неопределенный,uncertain,0
English,Russian,flaccid,вялый,0
English,Russian,bugle,рожок,0
English,Russian,receptical,вместилище,0
English,Russian,impeccably,безупречно,0
English,Russian,in spite of,несмотря на,0
English,Russian,stir,размешать,0
English,Russian,oblivious,забывчивый,0
English,Russian,prone,склонный,0
English,Russian,indoctrinate,внушать,0
English,Russian,minge,баловаться,0
English,Russian,turret,башня,0
English,Russian,tidal wave,приливная волна,0
English,Russian,lingering,затяжной,0
English,Russian,pejorative,уничижительный,0
English,Russian,whereby,Посредством чего,0
English,Russian,outcast,изгой,0
English,Russian,Humpty Dumpty,Шалтай-Болтай,0
Russian,English,хромать,limp,0
English,Russian,pillage,грабеж,0
English,Russian,missus,миссис,0
English,Russian,dismal,мрачный,0
English,Russian,villaint,злодей,0
English,Russian,fistile,гибкий,0
English,Russian,rummage,рыться,0
English,Russian,scorching,палящий,0
English,Russian,tile,кафельная плитка,0
English,Russian,encompass,охватывать,0
English,Russian,sedentary,малоподвижный,0
English,Russian,posthumously,посмертно,0
English,Russian,interrogated,допрошен,0
English,Russian,undeterred,неустрашимый,0
English,Russian,unimpeded,беспрепятственный,0
English,Russian,dangle,мотаться,0
English,Russian,ransack,рыскать,0
English,Russian,loiter,бездельничать,0
English,Russian,scant,скудный,0
English,Russian,meticulous,дотошный,0
English,Russian,confluence,слияние,0
English,Russian,delinquency,правонарушение,0
English,Russian,jubilation,ликование,0
English,Russian,gratifying,приятный,0
English,Russian,maligning,клевета,0
English,Russian,abeyance,отсрочка,0
English,Russian,shoving,толкание,0
English,Russian,tip-off,наводка,0
English,Russian,spit,плевать,0
English,Russian,bitter,горький,0
English,Russian,rug,коврик,0
English,Russian,ulcer,язва,0
English,Russian,recital,сольный концерт,0
English,Russian,fleas,блохи,0
English,Russian,invigorate,бодрить,0
English,Russian,praise,хвалить,0
English,Russian,legume,бобовые,0
English,Russian,repulsed,отброшен,0
English,Russian,grodiness,безобразие,0
English,Russian,blurb,реклама,0
English,Russian,walk-on,прогулка,0
English,Russian,fishy,рыбный,0
English,Russian,lug,волочить,0
English,Russian,shim,прокладка,0
English,Russian,whinging,скулящий,0
English,Russian,astutely,проницательно,0
English,Russian,insomnia,бессонница,0
English,Russian,sizzle,шипеть,0
English,Russian,shackles,кандалы,0
English,Russian,rescinded,отменен,0
English,Russian,girth,обхват,0
English,Russian,plethora,полнокровие,0
English,Russian,chores,работа по дому,0
English,Russian,confounding,сбивающий с толку,0
English,Russian,delusion,заблуждение,0
English,Russian,apron,фартук,0
English,Russian,spanke,отшлепать,0
English,Russian,rip off,сдирать,0
English,Russian,flinch,вздрогнуть,0
English,Russian,wince,вздрагивать,0
English,Russian,salient,заметный,0
English,Russian,steadfast,стойкий,0
English,Russian,commotion,волнение,0
English,Russian,soggy,сырой,0
English,Russian,seared,обожженный,0
English,Ukrainian,whisk,збити віночком,0
English,Russian,oscillate,колебаться,0
English,Russian,clawback,дергать,0
English,Russian,solidified,затвердевший,0
English,Russian,huddle,сбиться в кучу,0
English,Russian,languishing,томящийся,0
English,Ukrainian,appeasement,умиротворення,0
English,Russian,venison,оленина,0
English,Russian,valiant,доблестный,0
English,Russian,incessant,непрекращающийся,0
English,Russian,clamor,шум,0
English,Russian,mutiny,мятеж,0
English,Russian,pretext,предлог,0
English,Russian,circumvent,обойти,0
English,Russian,duly,должным образом,0
English,Russian,deluge,потоп,0
English,Russian,handler,обработчик,0
English,Russian,co-opt,кооптировать,0
English,Russian,mole,крот,0
English,Russian,well-versed,хорошо разбирается,0
English,Russian,surreptitiously,тайком,0
English,Russian,entice,соблазнить,0
English,Russian,whereabout,местонахождение,0
English,Russian,penultimate,предпоследний,0
English,Russian,amply,обильно,0
English,Russian,detain,задерживать,0
English,Russian,rendition,исполнение,0
English,Russian,transpire,проявляться,0
English,Russian,mercenary,наемник,0
English,Russian,artillery,артиллерия,0
English,Russian,chestnut,каштан,0
English,Russian,displace,вытеснять,0
English,Russian,raffle,розыгрыш,0
English,Russian,binding,связывание,0
English,Russian,reminisce,вспоминать,0
English,Russian,overreach,переусердствовать,0
English,Russian,agitate,волновать,0
English,Russian,worrisome,тревожный,0
English,Russian,spit out,выплюнуть,0
English,Russian,disposable,одноразовый,0
English,Russian,too good of a deal,слишком хорошая сделка,0
English,Russian,twilight,сумерки,0
English,Russian,infuriating,приводящий в бешенство,0
English,Russian,mildly,мягко,0
English,Russian,amenable,податливый,0
English,Russian,uprooted,вырванный с корнем,0
English,Russian,scorched,выжженный,0
English,Russian,come around,прийти в себя,0
English,Russian,decoy,приманка,0
English,Russian,contingent,контингент,0
English,Russian,oust,вытеснить,0
English,Russian,make out,разглядеть,0
English,Russian,absolution,отпущение грехов,0
English,Russian,penance,покаяние,0
English,Russian,sanctimonious,ханжеский,0
English,Russian,curfew,комендантский час,0
English,Russian,swing by,пролететь мимо,0
English,Russian,forfeit,неустойка,0
English,Russian,serenity,умиротворенность,0
English,Russian,Reimbursement,Возмещение,0
English,Russian,repell,отталкивать,0
English,Russian,exposome,разоблачающий,0
English,Russian,humongous,огромный,0
English,Russian,crackdown,подавление,0
English,Russian,bogus,подделка,0
English,Russian,focal,фокальный,0
English,Russian,toady,подхалим,0
English,Russian,daze,ошеломлять,0
English,Russian,lullaby,Колыбельная,0
English,Russian,pundit,эксперт,0
English,Russian,dossier,досье,0
English,Russian,lupus,волчанка,0
English,Russian,weasel,ласка,0
English,Russian,precinct,участок,0
English,Russian,reciprocate,отвечать взаимностью,0
English,Russian,convent,монастырь,0
English,Russian,den,логово,0
English,Russian,further ado,дальнейшая суета,0
English,Russian,hindsight,задним числом,0
English,Russian,plaid,плед,0
English,Russian,turd,какашка,0
English,Russian,lit up,зажигать,0
English,Russian,condescent,снисходительный,0
English,Russian,over-punctuation,чрезмерная пунктуация,0
English,Russian,vanguard,авангард,0
English,Russian,raconteur,рассказчик,0
English,Russian,rampart,вал,0
English,Russian,upbeat,оптимистичный,0
English,Russian,peeved,раздраженный,0
English,Russian,incumbent,действующий,0
English,Russian,poignant,острый,0
English,Russian,shard,осколок,0
English,Russian,heirloom,семейная реликвия,0
English,Russian,perilous,опасный,0
English,Russian,compartment,купе,0
English,Russian,hefty,здоровенный,0
English,Russian,constrictor,констриктор,0
English,Russian,shiver,дрожь,0
English,Russian,thigh,бедро,0
English,Russian,half-squat,полуприседание,0
English,Russian,mockery,насмешка,0
Russian,English,внезапность,suddenness,0
English,Russian,retaliation,возмездие,0
English,Russian,repedity,повторяемость,0
English,Russian,wedge,клин,0
English,Russian,absquatulate,абскватировать,0
English,Russian,cone,конус,0
English,Russian,effusive,экспансивный,0
English,Russian,companionship,общение,0
English,Russian,sawdust,опилки,0
English,Russian,parakeet,попугай,0
English,Russian,precipice,пропасть,0
English,Russian,benevolent,доброжелательный,0
English,Russian,analogue,аналог,0
English,Russian,gargle,полоскание,0
English,Russian,pound,фунт,0
English,Russian,pass off,проходить,0
English,Russian,enriching,обогащая,0
English,Russian,propagate,распространять,0
English,Russian,hideous,отвратительный,0
English,Russian,bunkum,вздор,0
English,Russian,balderdash,вздор,0
English,Russian,reprimand,выговор,0
English,Russian,justifiably,оправданно,0
English,Russian,induct,индуцировать,0
English,Russian,breathlessly,затаив дыхание,0
English,Russian,complicit,соучастник,0
English,Russian,chipping in,вмешиваться,0
English,Russian,toupee,парик,0
English,Russian,guile,хитрость,0
English,Russian,pocketbook,бумажник,0
English,Russian,whittle,строгать,0
English,Russian,exhilarating,волнующий,0
English,Russian,retain,удерживать,0
English,Russian,indemnification,компенсация,0
English,Russian,nagging,нытье,0
English,Russian,dalliance,развлечение,0
English,Russian,wand,палочка,0
English,Russian,gland,железа,0
English,Russian,countenance,лицо,0
English,Russian,sallow-drawn,землистый,0
English,Russian,washed-up,вымытые,0
English,Russian,peddler,разносчик,0
English,Russian,impoverished,обедневший,0
English,Russian,moot,спорный,0
English,Russian,Webbing,тесьма,0
English,Russian,severed,разорванный,0
English,Russian,parrot,попугай,0
English,Russian,standstill,тупик,0
English,Russian,hatred,ненависть,0
English,Russian,harp,арфа,0
English,Russian,vice,порок,0
English,Russian,adherence,приверженность,0
English,Russian,liberate,освободить,0
English,Russian,maid of honor,фрейлина,0
English,Russian,handful,горсть,0
English,Russian,blab,болтать,0
English,Russian,affectation,притворство,0
English,Russian,cuddle,обнимать,0
English,Russian,unsettling,тревожный,0
English,Russian,pulp,мякоть,0
English,Russian,laid,проложенный,0
English,Russian,promiscuity,распущенность,0
English,Russian,pester,надоедать,0
English,Russian,conclusive,окончательный,0
English,Russian,fiendishly,дьявольски,0
English,Russian,opalescent,опалесцирующий,0
English,Russian,revisit,вернуться,0
English,Russian,tang,сильный запах,0
English,Russian,slope,склон,0
English,Russian,hunch,догадка,0
English,Russian,spatial,пространственный,0
English,Russian,groin,пах,0
English,Russian,copulation,совокупление,0
English,Russian,prom,выпускной вечер,0
English,Russian,morsel,кусочек,0
English,Russian,mock,насмехаться,0
English,Russian,revolting,отвратительный,0
English,Russian,gist,суть,0
English,Russian,fumigate,окуривать,0
English,Russian,twine,шпагат,0
English,Russian,sissy,неженка,0
English,Russian,buck up,встряхнуться,0
English,Russian,subtlety,тонкость,0
English,Russian,shaggy,лохматый,0
English,Russian,pulley,шкив,0
English,Russian,randy,Рэнди,0
English,Russian,intricate,сложный,0
English,Russian,outline,контур,0
English,Russian,disheveled,взлохмаченный,0
English,Russian,tapestry,гобелен,0
English,Russian,provisionally,временно,0
English,Russian,reprocitory,воспроизводимый,0
English,Russian,indemnify,компенсировать,0
English,Russian,relish,наслаждаться,0
English,Russian,peachy,персиковый,0
English,Russian,flatulent,метеоризм,0
English,Russian,sea bass,морской окунь,0
English,Russian,foreplay,прелюдия,0
English,Russian,doze off,задремать,0
English,Russian,mirth,веселье,0
English,Russian,weav,ткать,0
English,Russian,canker,язва,0
English,Russian,fling,швырять,0
English,Russian,tinkle,звенеть,0
English,Russian,earmarked,предназначенный,0
English,Russian,scone,лепешка,0
English,Russian,emulate,подражать,0
English,Russian,feeble-minded,слабоумный,0
English,Russian,befuddled,сбитый с толку,0
English,Russian,leer,хитрый взгляд,0
English,Russian,serpent,змей,0
English,Russian,ample bosom,пышная грудь,0
English,Russian,crafty,хитрый,0
English,Russian,burps,отрыгивает,0
English,Russian,resuscitation,реанимация,0
English,Russian,buzz,гул,0
English,Russian,harsh,жесткий,0
English,Russian,tag alone,следовать за,0
English,Russian,sweat,пот,0
English,Russian,attorney,адвокат,0
English,Russian,supersede,заменять,0
English,Russian,constitute,составляют,0
English,Russian,cursory,поверхностный,0
English,Russian,wit,остроумие,0
English,Russian,aforethought,предусмотрительность,0
English,Russian,malice,злоба,0
English,Russian,waive,отказаться,0
English,Russian,orthotics,ортопедия,0
English,Russian,glow,светиться,0
English,Russian,taunt,дразнить,0
English,Russian,sniff around,обнюхивать,0
English,Russian,vixen,мегера,0
English,Russian,impending,надвигающийся,0
English,Russian,by all means,во всех смыслах,0
English,Russian,blindsided,ослепленный,0
English,Russian,palatable,приятный на вкус,0
English,Russian,ambivalent,амбивалентный,0
English,Russian,blabbermouth,болтун,0
English,Russian,quiver,колчан,0
English,Russian,parlance,язык,0
English,Russian,hysterical,истеричный,0
English,Russian,savant,ученый,0
English,Russian,hell-bent,одержимый,0
English,Russian,go-between,посредник,0
English,Russian,whip up,на скорую руку,0
English,Russian,tiptoe,на цыпочках,0
English,Russian,bereft,лишенный,0
English,Russian,quell,подавлять,0
English,Russian,rogue,Разбойник,0
English,Russian,ostrich,страус,0
English,Russian,tattle,болтать,0
English,Russian,tad,немного,0
English,Russian,finch,зяблик,0
English,Russian,remedial,лечебный,0
English,Russian,simpelton,простак,0
English,Russian,interject,вставлять,0
English,Russian,short-tempered,вспыльчивый,0
English,Russian,loom,ткацкий станок,0
English,Russian,weave,ткать,0
English,Russian,relieving,облегчение,0
English,Russian,needy,нуждающийся,0
English,Russian,cluck,кудахтанье,0
English,Russian,exasperate,раздражать,0
English,Russian,cowl,капот,0
English,Russian,picky,разборчивый,0
English,Russian,breathtaking,захватывающий дух,0
English,Russian,maw,пасть,0
English,Russian,scavenging,уборка мусора,0
English,Russian,plover,ржанка,0
English,Russian,impose,навязывать,0
English,Russian,bodacious,дерзкий,0
English,Russian,hightailed,высокохвост,0
English,Russian,stem,корень,0
English,Russian,tertiary,третичный,0
English,Russian,dump,свалка,0
English,Russian,carry away,унести,0
English,Russian,knack,ловкость,0
English,Russian,wadded,ватный,0
English,Russian,by rote,наизусть,0
English,Russian,ill-gotten,добытый нечестным путем,0
English,Russian,dole,пособие по безработице,0
English,Russian,prime,основной,0
English,Russian,miscarriage,выкидыш,0
English,Russian,monsoon,сезон дождей,0
English,Russian,manifested,проявленный,0
English,Russian,howl,вой,0
English,Russian,burden,груз,0
English,Russian,illusion,иллюзия,0
English,Russian,flip off,отвернуться,0
English,Russian,weigh in,взвесить,0
English,Russian,truce,перемирие,0
English,Russian,condemnation,осуждение,0
English,Russian,wither,увядать,0
English,Russian,fidelity,верность,0
English,Russian,lantern,фонарь,0
English,Russian,wig,крыло,0
English,Russian,pile on,нагромождать,0
English,Russian,infer,делать вывод,0
English,Russian,imply,подразумевать,0
English,Russian,quip,шутка,0
English,Russian,sidekick,приятель,0
English,Russian,involuntary,непроизвольный,0
English,Russian,nibble,грызть,0
English,Russian,escrow,условное депонирование,0
English,Russian,novelty,новизна,0
English,Russian,unattended,без присмотра,0
English,Russian,choking,задыхаясь,0
English,Russian,wad,пыж,0
English,Russian,thusly,таким образом,0
English,Russian,slumber,дремать,0
English,Russian,entail,влечет за собой,0
English,Russian,implausible,неправдоподобный,0
English,Russian,recant,отрекаться,0
English,Russian,subvert,ниспровергать,0
English,Russian,tipsy,пьяный,0
English,Russian,fixate,зацикливаться,0
English,Russian,mantle,мантия,0
English,Russian,impeccable,безупречный,0
English,Russian,stomp,топать,0
English,Russian,barmaid,буфетчица,0
English,Russian,courted,ухаживал,0
English,Russian,saliva,слюна,0
English,Russian,sordid,грязный,0
English,Russian,clock out,часы из,0
English,Russian,spot-on,точный,0
English,Russian,knock yourself out,выбить себя из колеи,0
English,Russian,rashly,опрометчиво,0
English,Russian,saucer,блюдце,0
English,Russian,seconded,прикомандирован,0
English,Russian,lamb,ягненок,0
English,Russian,fiery,огненный,0
English,Russian,proprietor,владелец,0
English,Russian,essentially,по сути,0
English,Russian,hereditary,наследственный,0
English,Russian,cruciferous,крестоцветный,0
English,Russian,wedlock,брак,0
English,Russian,tilt,наклон,0
English,Russian,per se,как таковой,0
English,Russian,womb,матка,0
English,Russian,deity,божество,0
English,Russian,tepid,прохладный,0
English,Russian,baffle,дефлектор,0
English,Russian,deily,грязно,0
English,Russian,haughty,надменный,0
English,Russian,whimsy,прихоть,0
English,Russian,derision,насмешка,0
English,Russian,counter,прилавок,0
English,Russian,hoisted,поднятый,0
English,Russian,miscellany,разное,0
English,Russian,procreate,производить потомство,0
English,Russian,get on the record,попасть в протокол,0
English,Russian,accustom,приучать,0
English,Russian,ablution,омовение,0
English,Russian,carnal,плотский,0
English,Russian,tangential,тангенциальный,0
English,Russian,flare,вспышка,0
English,Russian,anguish,тоска,0
English,Russian,fornication,блуд,0
English,Russian,in vain,напрасно,0
English,Russian,loathe,ненавижу,0
English,Russian,eavesdropping,подслушивание,0
English,Russian,snarky,язвительный,0
English,Russian,clearly,четко,0
English,Russian,grudge,обида,0
English,Russian,veiled,завуалированный,0
English,Russian,thinly,тонко,0
English,Russian,faint,слабый,0
English,Russian,dizzy,испытывающий головокружение,0
English,Russian,accolade,похвалить,0
English,Russian,hokum,обман,0
English,Russian,nippy,шустрый,0
English,Russian,dazzle,ослеплять,0
English,Russian,pretense,притворство,0
English,Russian,trample,топтать,0
English,Russian,subliminal,подсознательный,0
English,Russian,awe,трепет,0
English,Russian,tedious,скучный,0
English,Russian,smuggle,контрабанда,0
English,Russian,maritime salvage,морское спасение,0
English,Russian,ever-so-slight,очень легкий,0
English,Russian,exhaustion,истощение,0
English,Russian,writ,предписание,0
English,Russian,scrawl,каракули,0
English,Russian,plead,умолять,0
English,Russian,drat,дрянь,0
English,Russian,willow,ива,0
English,Russian,upheaval,переворот,0
English,Russian,yeast,дрожжи,0
English,Russian,vengeance,месть,0
English,Russian,fiddle,скрипка,0
English,Russian,deprive,лишить,0
English,Russian,candor,откровенность,0
English,Russian,choke,душить,0
English,Russian,peek,подглядывать,0
English,Russian,aroused,возбужденный,0
English,Russian,herrin,сельдь,0
English,Russian,whatsoever,что угодно,0
English,Russian,whimsical,причудливый,0
English,Russian,inconsolable,безутешный,0
English,Russian,arduous,трудный,0
English,Russian,pinky swear,клянусь мизинцем,0
English,Russian,pinky,мизинец,0
English,Russian,overhear,подслушать,0
English,Russian,drawer,выдвижной ящик,0
English,Russian,nauseated,тошнотворный,0
English,Russian,expel,изгнать,0
English,Russian,endearment,нежность,0
English,Russian,nostril,ноздря,0
English,Russian,repeal,отменить,0
English,Russian,improbable,невероятный,0
English,Russian,wager,пари,0
English,Russian,bouncy,бодрый,0
English,Russian,entitle,право,0
English,Russian,blend in,сливаться,0
English,Russian,heathen,язычник,0
English,Russian,proverbial,пресловутый,0
English,Russian,gnat,комар,0
Russian,English,коммендатнский час,curfew,0
English,Russian,martial law,военное положение,0
English,Russian,bounce,подпрыгивать,0
English,Russian,comely,миловидный,0
English,Russian,easement,сервитут,0
English,Russian,frivolous,легкомысленный,0
English,Russian,lumbar,поясничный отдел,0
English,Russian,futility,тщетность,0
English,Russian,pass out,отключаться,0
English,Russian,prudent,благоразумный,0
English,Russian,thoughtful,Вдумчивый,0
English,Russian,gracious,милостивый,0
English,Russian,pagan,язычник,0
English,Russian,bough,сук,0
English,Russian,boredom,скука,0
English,Russian,gallbladder,желчного пузыря,0
English,Russian,bowel,кишечник,0
English,Russian,convincingly,убедительно,0
English,Russian,propulsion,движение,0
English,Russian,stipulate,оговорить,0
English,Russian,dumpster,мусорный бак,0
English,Russian,plumage,оперение,0
English,Russian,verge,грань,0
English,Russian,feisty,дерзкий,0
English,Russian,ridonkulous,смехотворный,0
English,Russian,condescension,снисходительность,0
English,Russian,preconception,предубеждение,0
English,Russian,deceit,обман,0
English,Russian,scarce,скудный,0
English,Russian,oxen,волы,0
English,Russian,damsel in distress,девица в бедственном положении,0
English,Russian,damsel,девица,0
English,Russian,idiosyncrasy,идиосинкразия,0
English,Russian,colonoscopy,колоноскопия,0
English,Russian,premise,помещение,0
English,Russian,laborious,трудоемкий,0
English,Russian,frivolity,фривольность,0
English,Russian,blindfolded,с завязанными глазами,0
English,Russian,vertigo,головокружение,0
English,Russian,adhesive,клей,0
English,Russian,extricate,вытащить,0
English,Russian,fetus,плод,0
English,Russian,twart,сволочь,0
English,Russian,pinnacle,вершина,0
English,Russian,pat,погладить,0
English,Russian,loath,отвращение,0
English,Russian,debacle,фиаско,0
English,Russian,pulverize,распылять,0
English,Russian,socialite,светская львица,0
English,Russian,tux,смокинг,0
English,Russian,flaking,шелушение,0
English,Russian,allegedly,якобы,0
English,Russian,heiress,наследница,0
English,Russian,larceny,воровство,0
English,Russian,glean,собирать,0
English,Russian,scoff,насмехаться,0
English,Russian,insurgency,мятеж,0
English,Russian,resonate,резонировать,0
English,Russian,savvy,смекалка,0
English,Russian,cooped,взаперти,0
English,Russian,grounded,заземленный,0
English,Russian,guzzler,обжора,0
English,Russian,underwritten,гарантированный,0
English,Russian,cogent,убедительный,0
English,Russian,boisterous,шумный,0
English,Russian,discreet,сдержанный,0
English,Russian,unsolicited,непрошенный,0
English,Russian,unblemish,безупречный,0
English,Russian,institutionalized,институционализированный,0
English,Russian,haunt,преследовать,0
English,Russian,coercion,принуждение,0
English,Russian,revitalize,оживить,0
English,Russian,apprehension,опасение,0
English,Russian,turn around,повернись,0
English,Russian,weepy,плачущий,0
English,Russian,cagey,уклончивый,0
English,Russian,inadmissible,недопустимый,0
English,Russian,short-con,короткий мошенник,0
English,Russian,gooey,липкий,0
English,Russian,bend over,наклониться вперед,0
English,Russian,brawl,драка,0
English,Russian,parole,условно-досрочное освобождение,0
English,Russian,throe,агония,0
English,Russian,speaking of which,Говоря о которых,0
English,Russian,churlish,грубый,0
English,Russian,deplorable,прискорбный,0
English,Russian,chicanery,придирки,0
English,Russian,deceitful,лживый,0
English,Russian,incoherently,бессвязно,0
English,Russian,resourceful,находчивый,0
English,Russian,strangle,задушить,0
English,Russian,grouchy,ворчливый,0
English,Russian,snubbed,пренебрежительно,0
English,Russian,whack,бить,0
English,Russian,standpoint,точка зрения,0
English,Russian,sorority,женское общество,0
English,Russian,impedance,импеданс,0
English,Russian,hypocrite,лицемер,0
English,Russian,ravished,изнасилован,0
English,Russian,caveman,пещерный человек,0
English,Russian,girdle,пояс,0
English,Russian,questionable,сомнительный,0
English,Russian,bandwidth,пропускная способность,0
English,Russian,audaciois,дерзкий,0
English,Russian,spare the,пощадить,0
English,Russian,reasonably,разумно,0
English,Russian,vigilance,бдительность,0
English,Russian,repossession,изъятие,0
Russian,English,бурление,seething,0
English,Russian,rash,сыпь,0
English,Russian,bloating,вздутие живота,0
English,Russian,constipation,запор,0
English,Russian,lodge,ложа,0
English,Russian,invasion,вторжение,0
English,Russian,splinter,осколок,0
English,Russian,fidget,ерзать,0
English,Russian,carve up,делить,0
English,Russian,salvage,спасение,0
English,Russian,crucible,тигель,0
English,Russian,chip off,отколоть,0
English,Russian,tendon,сухожилие,0
English,Russian,bosom,грудь,0
English,Russian,molester,растлитель,0
English,Russian,provincial,провинциальный,0
English,Russian,wicked,безнравственный,0
English,Russian,astounding,поразительный,0
English,Russian,beetle,жук,0
English,Russian,screech,визг,0
English,Russian,sour,кислый,0
English,Russian,thicken,сгущаться,0
English,Russian,peril,опасность,0
English,Russian,marital infidelity,супружеская неверность,0
English,Russian,prenuptial,брачный,0
English,Russian,hearsay,слухи,0
English,Russian,invigorating,бодрящий,0
English,Russian,patch,пластырь,0
English,Russian,overthink,переосмысливать,0
English,Russian,convoluted,запутанный,0
English,Russian,cavity,полость,0
English,Russian,insulated,изолированный,0
English,Russian,treacherous,предательский,0
English,Russian,prudence,благоразумие,0
English,Russian,fall in line,попасть в очередь,0
English,Russian,reconvene,вновь собраться,0
English,Russian,foster home,приемная семья,0
English,Russian,cuss,ругаться,0
English,Russian,designate,обозначать,0
English,Russian,mortified,униженный,0
English,Russian,hospitable,гостеприимный,0
English,Russian,prevalent,распространенный,0
English,Russian,suppress,подавлять,0
English,Russian,lye,щелочь,0
English,Russian,breakage,поломка,0
English,Russian,seized,схваченный,0
English,Russian,sprung,возник,0
English,Russian,slurp,чавкать,0
English,Russian,sleight,ловкость,0
English,Russian,frictionless,без трения,0
English,Russian,break a sweat,вспотеть,0
English,Russian,vehement,страстный,0
English,Russian,aisle,ряд,0
English,Russian,blight,упадок,0
English,Russian,plaque,зубной налет,0
English,Russian,get hold of her,схватить ее,0
English,Russian,repugnant,отвратительный,0
English,Russian,pageantry,фикция,0
English,Russian,twinge,приступ боли,0
English,Russian,dough,тесто,0
English,Russian,demise,кончина,0
English,Russian,hypocrate,лицемер,0
English,Russian,utterly,крайне,0
English,Russian,vigil,бдение,0
English,Russian,unraveled,распутанный,0
English,Russian,felony,уголовное преступление,0
English,Russian,thereof,из них,0
English,Russian,implore,умолять,0
English,Russian,hinder,препятствовать,0
Russian,English,срыгивать,regurgitate,0
English,Russian,estranged,отчужденный,0
English,Russian,hookups,связи,0
English,Russian,semity,полнота,0
English,Russian,exemption,освобождение,0
English,Russian,forego,отказаться,0
English,Russian,furlough,отпуск,0
English,Russian,collalary,ошейник,0
English,Russian,engulf,поглотить,0
English,Russian,slippage,проскальзывание,0
English,Russian,beacon,маяк,0
English,Russian,mope,хандрить,0
English,Russian,grovel,пресмыкаться,0
English,Russian,harlot,блудница,0
English,Russian,barge,баржа,0
English,Russian,assault,атаковать,0
English,Russian,wacky,дурацкий,0
English,Russian,veer,повернуть,0
English,Russian,flatulence,метеоризм,0
English,Russian,censure,порицание,0
English,Russian,mullet,кефаль,0
English,Russian,manatee,ламантин,0
English,Russian,soothe,успокаивать,0
English,Russian,celestial,небесный,0
English,Russian,atrocious,ужасный,0
English,Russian,noticeably,заметно,0
English,Russian,engorged,набитый,0
English,Russian,casket,шкатулка,0
English,Russian,steeple,шпиль,0
English,Russian,mast,мачта,0
English,Russian,contraction,сокращение,0
English,Russian,transplendent,прозрачный,0
English,Russian,infatuation,увлечение,0
English,Russian,evidently,очевидно,0
English,Russian,culvert,водопропускная труба,0
English,Russian,scion,отпрыск,0
English,Russian,bleach,отбеливать,0
English,Russian,scavenger,мусорщик,0
English,Russian,whine,ныть,0
English,Russian,fag,пидор,0
English,Russian,drown,тонуть,0
English,Russian,shabby,потрепанный,0
English,Russian,sustain,поддерживать,0
English,Russian,cushion,подушка,0
English,Russian,compelling,неотразимый,0
English,Russian,indigenous,местный,0
English,Russian,cross the mind,приходить в голову,0
English,Russian,reasonable,разумный,0
English,Russian,cape,мыс,0
English,Russian,incarcerate,заключать в тюрьму,0
English,Russian,hypocrisy,лицемерие,0
English,Russian,confinement,заключение,0
English,Russian,soak,замочить,0
English,Russian,bring it on,давай,0
Russian,English,"делайте, как вам нравится",do as you like,0
English,Russian,constipated,запор,0
English,Russian,unravel,разгадывать,0
English,Russian,ravel,бродить,0
English,Russian,glazed,застекленный,0
English,Russian,ledge,выступ,0
English,Russian,stirred,перемешанный,0
English,Russian,deputize,замещать,0
English,Russian,cackle,кудахтать,0
English,Russian,bouncy house,надувной дом,0
English,Russian,squeal,визг,0
English,Russian,elevate,поднять,0
English,Russian,lint,ворсинок,0
English,Russian,abduct,похищать,0
English,Russian,essence,сущность,0
English,Russian,expediency,целесообразность,0
English,Russian,erratic,неустойчивый,0
English,Russian,drawn,нарисованный,0
English,Russian,flow,поток,0
English,Russian,ebb,отлив,0
English,Russian,wrenching,мучительный,0
English,Russian,dyed,окрашенный,0
English,Russian,deputy,заместитель,0
English,Russian,hooked,зацепил,0
English,Russian,pedigree,родословная,0
English,Russian,burst,лопаться,0
English,Russian,perpetuate,увековечивать,0
English,Russian,lawn,лужайка,0
English,Russian,hood,капот,0
English,Russian,withhold,удерживать,0
English,Russian,loin,поясница,0
English,Russian,rub,тереть,0
English,Russian,despondent,подавленный,0
English,Russian,pun,каламбур,0
English,Russian,custards,заварной крем,0
English,Russian,flan,флан,0
English,Russian,lid,крышка,0
English,Russian,myopic,близорукий,0
English,Russian,emanate,исходить,0
English,Russian,arousal,возбуждение,0
English,Russian,adage,пословица,0
English,Russian,seepage,просачивание,0
English,Russian,porch,порог,0
English,Russian,fickle,непостоянный,0
English,Russian,rescind,отменить,0
English,Russian,fraternity,братство,0
English,Russian,swirl,Водоворот,0
English,Russian,acolyte,послушник,0
English,Russian,relinquish,отказаться,0
English,Russian,pounce,внезапно атаковать,0
English,Russian,constituency,округ,0
English,Russian,deposition,осаждение,0
English,Russian,insipid,безвкусный,0
English,Russian,vagary,причуда,0
English,Russian,aggravate,усугублять,0
English,Russian,asinine,ослиный,0
English,Russian,aggregate,совокупность,0
English,Russian,causality,причинность,0
English,Russian,exile,изгнание,0
English,Russian,stockade,частокол,0
English,Russian,affinity,близость,0
English,Russian,sentient,разумный,0
English,Russian,scorch,опалять,0
English,Russian,slate,шифер,0
English,Russian,scaffold,строительные леса,0
English,Russian,binge,выпивка,0
English,Russian,sullen,угрюмый,0
English,Russian,virtuous,добродетельный,0
English,Russian,righteous,праведный,0
English,Russian,anxious,тревожный,0
English,Russian,mooch,слоняться,0
English,Russian,wail,вопить,0
English,Russian,uphold,поддерживать,0
English,Russian,divine,божественный,0
English,Russian,damnation,проклятие,0
English,Russian,eclipse,затмение,0
English,Russian,obstructions,препятствия,0
English,Russian,villain,злодей,0
English,Russian,decree,указ,0
English,Russian,blabber,болтать,0
English,Russian,hesitation,колебание,0
English,Russian,appeal,обращаться,0
English,Russian,bury the hatchet,зарыть топор войны,0
English,Russian,loaf,буханка,0
English,Russian,famish,голодать,0
English,Russian,commencement,начало,0
English,Russian,wack,болтать,0
English,Russian,debonair,веселый,0
English,Russian,merit,цена,0
English,Russian,whimp,прихоть,0
English,Russian,resiliency,устойчивость,0
English,Russian,hold up,задержать,0
English,Russian,tastefully,со вкусом,0
English,Russian,gross,валовой,0
English,Russian,slobby,неряшливый,0
English,Russian,evict,выселять,0
English,Russian,grope,нащупывать,0
English,Russian,tenacious,цепкий,0
English,Russian,thrust,толкать,0
English,Russian,nugget,самородок,0
English,Russian,manured,удобренный,0
English,Russian,exacerbate,обострять,0
English,Russian,winch,лебедка,0
English,Russian,juggle,жонглировать,0
English,Russian,foreleg,передняя лапа,0
English,Russian,attest,засвидетельствовать,0
English,Russian,rudderless,без руля,0
English,Russian,emblematic,символичный,0
English,Russian,courtship,ухаживание,0
English,Russian,grove,роща,0
English,Russian,shady,тенистый,0
English,Russian,thug,бандит,0
English,Russian,auger,шнек,0
English,Russian,barn,сарай,0
English,Russian,smidge,налет,0
English,Russian,gouge,долбить,0
Russian,English,ухаживать,look after,0
English,Russian,lice,вши,0
English,Russian,grinding,шлифование,0
English,Russian,deception,обман,0
English,Russian,primer,грунтовка,0
English,Russian,spoon,ложка,0
English,Russian,vindictively,мстительно,0
English,Russian,budge,сдвинуться с места,0
English,Russian,overlook,игнорировать,0
English,Russian,kernel,ядро,0
English,Russian,entrapment,ловушка,0
English,Russian,solemn,торжественный,0
English,Russian,mare,кобыла,0
English,Russian,wrinkly,морщинистый,0
English,Russian,predicament,затруднительное положение,0
English,Russian,tasteful,со вкусом,0
English,Russian,tossing,подбрасывание,0
English,Russian,cord,шнур,0
English,Russian,turn out,оказаться,0
English,Russian,sly,хитрый,0
English,Russian,inexplicably,необъяснимо,0
English,Russian,Velcro,Липучка,0
English,Russian,scrotum,мошонка,0
English,Russian,ovary,яичник,0
English,Russian,dastardly,подлый,0
English,Russian,bicker,препираться,0
English,Russian,intensely,интенсивно,0
English,Russian,hamstring,подколенное сухожилие,0
English,Russian,muzzle,морда,0
English,Russian,confound,путать,0
English,Russian,hoax,фальсификация,0
English,Russian,accustomed,привык,0
English,Russian,crib,детская кроватка,0
English,Russian,botch,испортить,0
English,Russian,hit the road,смотаться,0
English,Russian,chubby,круглолицый,0
English,Russian,altercation,ссора,0
English,Russian,greasy,жирный,0
English,Russian,matter of fact,фактически,0
English,Russian,tantalize,мучить,0
English,Russian,glowing,светящийся,0
English,Russian,backbone,позвоночник,0
English,Russian,preemptive,упреждающий,0
English,Russian,wretched,несчастный,0
English,Russian,repartee,возмездие,0
English,Russian,hit off,натолкнуться,0
English,Russian,anxiety,беспокойство,0
English,Russian,pelvic bowl,тазовая чаша,0
English,Russian,pelvic,тазовый,0
English,Russian,ladle,ковш,0
English,Russian,duck out,уйти,0
English,Russian,drain,осушать,0
English,Russian,stroll,прогулка,0
English,Russian,error-prone,подверженный ошибкам,0
English,Russian,clawing,когтистый,0
English,Russian,claw,коготь,0
English,Russian,heinous,отвратительный,0
English,Russian,pecker,клюв,0
English,Russian,cankle,лодыжки,0
English,Russian,grease,смазывать,0
English,Russian,jumble,беспорядок,0
English,Russian,reductive,редуктивный,0
English,Russian,resuscitate,реанимировать,0
English,Russian,confidante,доверенное лицо,0
English,Russian,enigmatic,загадочный,0
English,Russian,inscrutable,непостижимый,0
English,Russian,inevitably,неизбежно,0
English,Russian,reinforcement,подкрепление,0
English,Russian,chin up,выше голову,0
English,Russian,glaringly,вызывающе,0
English,Russian,dollop,ложка,0
English,Russian,shove up,засунуть,0
English,Russian,circumcised,обрезанный,0
English,Russian,deliberation,обдумывание,0
English,Russian,thud,глухой удар,0
English,Russian,discharge,увольнять,0
English,Russian,foster,взращивать,0
English,Russian,hands down,руки вниз,0
English,Russian,low blow,Удар ниже пояса,0
English,Russian,insult,оскорблять,0
English,Russian,inadvertent,непреднамеренный,0
English,Russian,fallacy,заблуждение,0
English,Russian,grace,благодать,0
English,Russian,knead,месить,0
English,Russian,moist,влажный,0
English,Russian,sob,рыдать,0
English,Russian,holster,кобура,0
English,Russian,pouch,мешочек,0
English,Russian,slurped,прихлебанный,0
English,Russian,foment,разжигать,0
English,Russian,insurrection,восстание,0
English,Russian,slurred,невнятный,0
English,Russian,murky,мутный,0
English,Russian,grubbing,корча,0
English,Russian,dutiful,послушный,0
English,Russian,stain,пятно,0
English,Russian,cramped,тесно,0
English,Russian,peg,привязь,0
English,Russian,astute,проницательный,0
English,Russian,superlative,превосходная степень,0
English,Russian,seizures,припадки,0
English,Russian,scarecrow,чучело,0
English,Russian,drool,пускать слюни,0
English,Russian,speak the mind,высказывать свое мнение,0
English,Russian,fudge,выдумка,0
English,Russian,wreck,крушение,0
English,Russian,hateful,ненавистный,0
English,Russian,repulsiveness,отталкивание,0
English,Russian,grump,ворчать,0
English,Russian,banter,подшучивать,0
English,Russian,witty,остроумный,0
English,Russian,gridlock,тупик,0
English,Russian,lull,убаюкивать,0
English,Russian,lush,пышный,0
English,Russian,offbeat,необычный,0
English,Russian,quirky,причудливый,0
English,Russian,squander,разбазаривать,0
English,Russian,bloatware,раздувание,0
English,Russian,non-binding,необязательный,0
English,Russian,bearevement,тяжелая утрата,0
English,Russian,tellingly,красноречиво,0
English,Russian,jammed,заклинило,0
English,Russian,ditch,канава,0
English,Russian,apoplexy,апоплексия,0
English,Russian,jackal,шакал,0
English,Russian,jackals,шакалы,0
English,Russian,lozenge,лепешка,0
English,Russian,step,шаг,0
English,Russian,timeshares,таймшеры,0
English,Russian,ploy,уловка,0
English,Russian,liege,вассал,0
English,Russian,strobe,стробоскоп,0
English,Russian,cartwheel,колесо телеги,0
English,Russian,immensely,безмерно,0
English,Russian,snot,сопли,0
English,Russian,scholar,ученый,0
English,Russian,grasshopper,кузнечик,0
English,Russian,relent,смягчаться,0
English,Russian,scowl,хмуриться,0
English,Russian,havoc,опустошение,0
English,Russian,wreak,вредить,0
English,Russian,calves,телята,0
English,Russian,spare,запасной,0
English,Russian,spared,пощадил,0
English,Russian,cruncher,хлопушка,0
English,Russian,parlay,ставка,0
English,Russian,trip up,подножка,0
English,Russian,coddled,балованный,0
English,Russian,pededexterity,педикулярность,0
English,Russian,chimp,шимпанзе,0
English,Russian,castaway,выбрасывать,0
English,Russian,hay,сено,0
English,Russian,bale,тюк,0
English,Russian,chuckle,хихикать,0
English,Russian,sketchy,схематично,0
English,Russian,snitch,стукач,0
English,Russian,congealed,застывший,0
English,Russian,disgraceful,позорный,0
English,Russian,virility,мужественность,0
English,Russian,jug,кувшин,0
English,Russian,repentance,покаяние,0
English,Russian,tally,подсчет,0
English,Russian,tallied,подсчитанный,0
English,Russian,unencumbered,необремененный,0
English,Russian,gnaw,грызть,0
English,Russian,catwalk,подиум,0
English,Russian,broom,метла,0
English,Russian,strangler,душитель,0
English,Russian,testify,свидетельствовать,0
English,Russian,pertain,принадлежать,0
English,Russian,fizzle,шипеть,0
English,Russian,stigma,клеймо,0
English,Russian,self-deluded,самообман,0
English,Russian,abstinence,воздержание,0
English,Russian,postmortem,вскрытие,0
English,Russian,cold sore,простой герпес,0
English,Russian,pimple,прыщ,0
English,Russian,hornet,шершень,0
English,Russian,beak,клюв,0
English,Russian,chirping,щебетание,0
English,Russian,remediate,исправить,0
English,Russian,disrobe,раздеваться,0
English,Russian,thespian,актер,0
English,Russian,pageant,конкурс,0
English,Russian,vengeful,мстительный,0
English,Russian,forge,ковать,0
English,Russian,probed,исследовал,0
English,Russian,molest,приставать,0
English,Russian,malicious,злонамеренный,0
English,Russian,outburst,взрыв,0
English,Russian,stress-induced,вызванный стрессом,0
English,Russian,crotch,промежность,0
English,Russian,tattled,болтливый,0
English,Russian,make it up,составить это,0
English,Russian,gaze,посмотреть,0
English,Russian,lurch,крениться,0
English,Russian,lair,логово,0
English,Russian,scapegoat,козел отпущения,0
English,Russian,maid,служанка,0
English,Russian,skim,снимать,0
English,Russian,disparage,унижать,0
English,Russian,incline,наклон,0
English,Russian,otter,выдра,0
English,Russian,unfold,развернуться,0
English,Russian,render at discretion,оказывать по усмотрению,0
English,Russian,deceived,обманутый,0
English,Russian,scummy,грязный,0
English,Russian,alleged,предполагаемый,0
English,Russian,reversible,обратимый,0
English,Russian,halt,остановка,0
English,Russian,snapp,щелкнуть,0
English,Russian,numbled,сбитый с толку,0
English,Russian,curl up,свернуться,0
English,Russian,eel,угорь,0
English,Russian,orchards,сады,0
English,Russian,scrote,писала,0
English,Russian,wiggle,покачиваться,0
English,Russian,wingman,ведомый,0
English,Russian,sidle,бочок,0
English,Russian,malleable,податливый,0
English,Russian,midst,посреди,0
English,Russian,tacky,липкий,0
English,Russian,contrition,раскаяние,0
English,Russian,foster room,приемная комната,0
English,Russian,rube,рубец,0
English,Russian,abrasive,абразивный,0
English,Russian,hoop,обруч,0
English,Russian,struck,ударил,0
English,Russian,hitched,привязанный,0
English,Russian,gloat,злорадствовать,0
English,Russian,flattered,польщен,0
English,Russian,tuck,подоткать,0
English,Russian,tootle,гудок,0
English,Russian,hush,тише,0
English,Russian,hassles,хлопоты,0
English,Russian,fussy,суетливый,0
English,Russian,eavesdrop,подслушивать,0
English,Russian,latching,защелкивание,0
English,Russian,tentative,пробный,0
English,Russian,buzzed,гудел,0
English,Russian,self-esteem,самооценка,0
English,Russian,void,пустота,0
English,Russian,insurmountable,непреодолимый,0
English,Russian,thesaurus,тезаурус,0
English,Russian,frazzled,измученный,0
English,Russian,sired,отцовский,0
English,Russian,airtight,герметичный,0
English,Russian,pretentious,претенциозный,0
English,Russian,seesaw,качели,0
English,Russian,defer,откладывать,0
English,Russian,swing,качать,0
English,Russian,scourge,бич,0
English,Russian,infantry,пехота,0
English,Russian,vasectomy,вазэктомия,0
English,Russian,respectfully,С уважением,0
English,Russian,gullet,глотка,0
English,Russian,tweak,поправить,0
English,Russian,hop off,взлетать,0
English,Russian,brooch,брошь,0
English,Russian,lap,колени,0
English,Russian,diabolical,дьявольский,0
English,Russian,menace,угроза,0
English,Russian,implicitly,неявно,0
English,Russian,overlay,наложение,0
English,Russian,exclaim,воскликнуть,0
English,Russian,brink,край,0
English,Russian,garment,одежда,0
English,Russian,eminence,преосвященство,0
English,Russian,sublime,возвышенный,0
English,Russian,twirl,вертеть,0
English,Russian,insolvent,несостоятельный,0
English,Russian,glorious,славный,0
English,Russian,contraption,хитрое изобретение,0
English,Russian,penchant,склонность,0
English,Russian,vivacious,жизнерадостный,0
English,Russian,congregate,собираться,0
English,Russian,slack off,травить,0
English,Russian,paw,лапа,0
English,Russian,limp,хромать,0
English,Russian,voyeur,вуайерист,0
English,Russian,frisky,резвый,0
English,Russian,cradle,колыбель,0
English,Russian,preemptively,превентивно,0
English,Russian,look over,Оглянись,0
English,Russian,reconsider,пересмотреть,0
English,Russian,cynical,циничный,0
English,Russian,sniff out,вынюхивать,0
English,Russian,mob,толпа,0
English,Russian,ravenous,голодный,0
English,Russian,incitrated,подстрекаемый,0
English,Russian,antsy,дерганый,0
English,Russian,exaggerate,преувеличивать,0
English,Russian,distraught,обезумевший,0
English,Russian,nefarious,бесчестный,0
English,Russian,facetious,шуточный,0
English,Russian,toss,жеребьевка,0
English,Russian,cranky,капризный,0
English,Russian,suede,замша,0
English,Russian,faze,Faze,0
English,Russian,pervert,извращенец,0
English,Russian,opal,опал,0
English,Russian,wrangle,пререкания,0
English,Russian,sourdough,закваска,0
English,Russian,poached,пашот,0
English,Russian,lisp,шепелявость,0
English,Russian,schmuck,чмо,0
English,Russian,outrageous,возмутительный,0
English,Russian,sore,воспаленный,0
English,Russian,mobster,гангстер,0
English,Russian,fruition,осуществление,0
English,Russian,custard,заварной крем,0
English,Russian,delirious,бредовый,0
English,Russian,concern with,озабочен,0
English,Russian,severance,разрыв,0
English,Russian,crudely,грубо,0
English,Russian,travesty,пародия,0
English,Russian,invincible,непобедимый,0
English,Russian,discretion,осмотрительность,0
English,Russian,incapacity,недееспособность,0
English,Russian,grapple,грейфер,0
English,Russian,plausible,правдоподобный,0
English,Russian,draggy,draggy,0
English,Russian,prepubescent,препубертатный возраст,0
English,Russian,inferior,низший,0
English,Russian,popped,Popped,0
English,Russian,affront,оскорбление,0
English,Russian,weigh,взвешивать,0
English,Russian,oversight,надзор,0
English,Russian,scarcity,дефицит,0
English,Russian,ridicule,осмеяние,0
English,Russian,limb,конечность,0
English,Russian,constituent,учредительный,0
English,Russian,feathery,пернатый,0
English,Russian,chink,скважина,0
English,Russian,duct tape,Скотч,0
English,Russian,oaf,уродливый,0
English,Russian,vanquish,Vanquish,0
English,Russian,auspicious,благоприятный,0
English,Russian,demean,Demean,0
English,Russian,conjugal,супружеский,0
English,Russian,wrench,гаечный ключ,0
English,Russian,mallard,кряква,0
English,Russian,ample,обильный,0
English,Russian,defy,Defy,0
English,Russian,shovel,лопата,0
English,Russian,posterity,потомство,0
English,Russian,mistress,госпожа,0
English,Russian,hold a grudge,затаить обиду,0
English,Russian,postulate,постулат,0
English,Russian,decency,порядочность,0
English,Russian,apparel,одежда,0
English,Russian,seize,воспользоваться,0
English,Russian,fold,складка,0
English,Russian,impetus,импульс,0
English,Russian,grating,решетка,0
English,Russian,render,оказывать,0
English,Russian,atrocity,зверство,0
English,Russian,puffy,кичливый,0
English,Russian,arrogance,высокомерие,0
English,Russian,incarcerated,в заключении,0
English,Russian,reprisal,расправа,0
English,Russian,prevail,превалировать,0
English,Russian,keep ear to the ground,прислушиваться к земле,0
English,Russian,knock off,сбить,0
English,Russian,pout,гримаса,0
English,Russian,disguised,замаскированный,0
English,Russian,queer,странный,0
English,Russian,relentless,неослабевающий,0
English,Russian,grievance,обида,0
English,Russian,mutilate,Расправа,0
English,Russian,resilient,упругий,0
English,Russian,shaft,вал,0
English,Russian,moan,стон,0
English,Russian,sled,санки,0
English,Russian,swig,глоток спиртного,0
English,Russian,squeaky,скрипучий,0
English,Russian,indigent,неимущий,0
English,Russian,dodge the draft,увернуться от сквозняка,0
English,Russian,sopping,мокрый,0
English,Russian,strike out,вычеркнуть,0
English,Russian,agitated,взволнованный,0
English,Russian,pansy,анютины глазки,0
English,Russian,dripping,капающий,0
English,Russian,ravish,изнасиловать,0
English,Russian,bladder,мочевой пузырь,0
English,Russian,formidable,грозный,0
English,Russian,gushy,излишне сентиментальный,0
English,Russian,warden,смотритель,0
English,Russian,solitary,уединенный,0
English,Russian,dungeon,подземелье,0
English,Russian,misconception,неправильное представление,0
English,Russian,leech,пиявка,0
English,Russian,go for,пойти на,0
English,Russian,mold,форма,0
English,Russian,ashes,пепел,0
English,Russian,content,содержание,0
English,Russian,bashful,робкий,0
English,Russian,constellations,созвездия,0
English,Russian,strain,напряжение,0
English,Russian,toad,жаба,0
English,Russian,leash,привязь,0
English,Russian,compassionate,сострадательный,0
English,Russian,freckled,веснушчатый,0
English,Russian,mascot,талисман,0
English,Russian,mayhem,нанесение увечья,0
English,Russian,repulse,отпор,0
English,Russian,nomad,кочевник,0
English,Russian,staple,штапель,0
English,Russian,jiggle,покачивать,0
English,Russian,mockingly,насмешливо,0
English,Russian,delusional,бредовый,0
English,Russian,ward,подопечный,0
English,Russian,crowbar,лом,0
English,Russian,indentured,заключивший контракт,0
English,Russian,nuisance,неприятность,0
English,Russian,warp,деформироваться,0
English,Russian,naïveté,наивность,0
English,Russian,deceased,умерший,0
English,Russian,haze,мгла,0
English,Russian,creak,скрип,0
English,Russian,ashtray,пепельница,0
English,Russian,substandard,некондиционный,0
English,Russian,seal up,опечатать,0
English,Russian,strike the match,зажечь спичку,0
English,Russian,gullible,легковерный,0
English,Russian,sprinkler,разбрызгиватель,0
English,Russian,snoop,шпионить,0
English,Russian,pail,ведерко,0
English,Russian,moaner,нытик,0
English,Russian,chime in,вступать в общий разговор,0
English,Russian,ominous,угрожающий,0
English,Russian,rewind,перемотка,0
English,Russian,desolate,заброшенный,0
English,Russian,veracity,правдивость,0
English,Russian,propagation,распространение,0
English,Russian,ubiquitous,вездесущий,0
English,Russian,intricacy,запутанность,0
English,Russian,sounds a heck,звучит чертовски,0
English,Russian,inseminate,оплодотворять,0
English,Russian,disseminate,Распространять,0
English,Russian,recede,отступит,0
English,Russian,diverge,расходятся,0
English,Russian,homonculus,человечек,0
English,Russian,heuristic,эвристический,0
English,Russian,decile,дециль,0
English,Russian,insignia,знаки,0
English,Russian,endorsement,поддержка,0
English,Russian,poachers,браконьеры,0
English,Russian,dismantle,разбирать,0
English,Russian,filibuster,флибустьер,0
English,Russian,desecrate,осквернять,0
English,Russian,irreverent,непочтительный,0
English,Russian,allure,очарование,0
English,Russian,complacent,самодовольный,0
English,Russian,curtail,урезать,0
English,Russian,pontificate,понтификат,0
English,Russian,tumble,кувыркаться,0
English,Russian,complacency,самоуспокоенность,0
English,Russian,treadmill,беговая дорожка,0
English,Russian,savory,пикантный,0
English,Russian,semblance,подобие,0
English,Russian,as a caveat,как предостережение,0
English,Russian,admittedly,по общему признанию,0
English,Russian,sedate,успокаивать,0
English,Russian,customary,обычный,0
English,Russian,reckon,считать,0
English,Russian,evasive,уклончивый,0
English,Russian,whomst,кого,0
English,Russian,curb,бордюр,0
English,Russian,flounder,камбала,0
English,Russian,swab,тампон,0
English,Russian,liaison,связь,0
English,Russian,intrinsic,внутренний,0
English,Russian,ambush,засада,0
English,Russian,endorse,одобрять,0
English,Russian,glimpse,проблеск,0
English,Russian,backstabbing,предательство,0
English,Russian,anhorrent,отвратительный,0
English,Russian,flyswatter,мухобойка,0
English,Russian,condone,потворствовать,0
English,Russian,muddle,путаница,0
English,Russian,sparky,искрящийся,0
English,Russian,cocky,дерзкий,0
English,Russian,bait,приманка,0
English,Russian,clumsy,неуклюжий,0
English,Russian,abdicate,отречься,0
English,Russian,contemplate,созерцать,0
English,Russian,comforter,утешитель,0
English,Russian,glitter,блеск,0
English,Russian,pickle,соленый огурец,0
English,Russian,abide,соблюдать,0
English,Russian,rig,буровая установка,0
English,Russian,rigged,сфальсифицирован,0
English,Russian,mend,чинить,0
English,Russian,delinquent,делинквент,0
English,Russian,probe,зонд,0
English,Russian,affluent,богатый,0
English,Russian,shill,заправлять,0
English,Russian,hectic,беспокойный,0
English,Russian,obscure,неясный,0
English,Russian,windfall,неожиданная удача,0
English,Russian,upside,вверх,0
English,Russian,bestow,даровать,0
English,Russian,fungible,взаимозаменяемый,0
English,Russian,coerce,принуждать,0
English,Russian,decipher,расшифровать,0
English,Russian,sultry,знойный,0
English,Russian,dire,ужасный,0
English,Russian,hesitantly,нерешительно,0
English,Russian,condescending,снисходительный,0
French,Russian,serependity,интуитивность,0
English,Russian,reckless,безрассудный,0
English,Russian,recuse,отводить отвод,0
English,Russian,rectify,исправить,0
English,Russian,malevolent,злой,0
English,Russian,leap of faith,прыжок веры,0
English,Russian,nurturing,воспитание,0
English,Russian,nurture,воспитывать,0
English,Russian,shove,толкать,0
English,Russian,inquisive,любознательный,0
English,Russian,tipping point,переломный момент,0
English,Russian,punters,игроки,0
English,Russian,condense,конденсировать,0
English,Russian,fluffy,пушистый,0
English,Russian,incongruous,несочетаемый,0
English,Russian,pompous,напыщенный,0
English,Russian,invoke,вызывать,0
English,Russian,atonement,искупление,0
English,Russian,knob,ручка,0
English,Russian,repent,покаяться,0
English,Russian,frugal,скромный,0
English,Russian,rambler,бродяга,0
English,Russian,mindful,"внимательный, помнящий",0
English,Russian,custurdy,сладкий,0
Russian,English,матерный,obscene,0
English,Russian,fuzzy,нечеткий,0
English,Russian,come off,оторваться,0
English,Russian,pest,вредитель,0
English,Russian,incinerated,сожженный,0
English,Russian,reciprocity,взаимность,0
English,Russian,facade,фасад,0
English,Russian,succinctly,лаконично,0
English,Russian,glib,бойкий,0
English,Russian,scathing,едкий,0
English,Russian,move up a notch,подняться на ступеньку выше,0
English,Russian,retaliate,отомстить,0
English,Russian,mediocrity,посредственность,0
English,Russian,oversee,наблюдать,0
English,Russian,riddance,избавление,0
English,Russian,intact,нетронутый,0
English,Russian,infestation,заражение,0
English,Russian,varnish,лак,0
English,Russian,culprit,преступник,0
English,Russian,crack,трескаться,0
English,Russian,unrequited,безответный,0
English,Russian,overspeak,перебивать,0
English,Russian,slump,спад,0
English,Russian,frustration,разочарование,0
English,Russian,hardship,невзгоды,0
English,Russian,tarnish,тускнеть,0
English,Russian,enactment,постановление,0
English,Russian,disgruntled,недовольный,0
English,Russian,unbothered,беззаботный,0
English,Russian,stance,позиция,0
English,Russian,gutted,выпотрошенный,0
English,Russian,repremandable,заслуживающий выговора,0
English,Russian,pernicious,пагубный,0
English,Russian,sparingly,скудно,0
English,Russian,dunk,замочить,0
English,Russian,plundered,разграблен,0
English,Russian,stashed,спрятанный,0
English,Russian,oafish,тупой,0
English,Russian,mooncalf,лунный теленок,0
English,Russian,wrath,гнев,0
English,Russian,hindrance,помеха,0
English,Russian,solace,утешение,0
English,Russian,vapid,бессодержательный,0
English,Russian,alleviate,облегчить,0
English,Russian,teal,бирюзовый,0
English,Russian,intercourse,половой акт,0
English,Russian,retrieve,забрать,0
English,Russian,shrill,пронзительный,0
English,Russian,start over,начать сначала,0
English,Russian,profligate,расточитель,0
English,Russian,dissolve,растворяться,0
English,Russian,hold back,сдерживаться,0
English,Russian,twist,крутить,0
English,Russian,disciplinary,дисциплинарный,0
English,Russian,petrified,окаменел,0
English,Russian,shove down,засунуть,0
English,Russian,heed of,внимание,0
English,Russian,heed,прислушиваться,0
English,Russian,dignify,достойно,0
English,Russian,chok,подавиться,0
English,Russian,strenuous,напряженный,0
English,Russian,interrogate,допросить,0
English,Russian,get along,ладить,0
English,Russian,meander,извилистый,0
English,Russian,delightful,восхитительный,0
English,Russian,intrusive,навязчивый,0
English,Russian,smug,самодовольный,0
English,Russian,distasteful,неприятный,0
English,Russian,bloated,раздутый,0
English,Russian,vested,наделенный,0
English,Russian,sass,дерзость,0
English,Russian,stutter,заикаться,0
English,Russian,paddle,весло,0
English,Russian,patronize,покровительствовать,0
English,Russian,ptedominant,преобладающий,0
English,Russian,impale,пронзить,0
English,Russian,behold,вот,0
English,Russian,poach,браконьерство,0
English,Russian,seal,тюлень,0
Russian,English,гипс,gypsum,0
English,Russian,cast,В ролях,0
English,Russian,stiff,жесткий,0
English,Russian,nauseous,тошнотворный,0
English,Russian,grim,мрачный,0
English,Russian,kinky,странный,0
English,Russian,soar,парить,0
English,Russian,infamy,позор,0
English,Russian,afflicted,пораженный,0
English,Russian,detract,отвлекать,0
English,Russian,participle,причастие,0
English,Russian,rabies,бешенство,0
English,Russian,shred,крошить,0
English,Russian,decease,умереть,0
English,Russian,pelvis,таз,0
English,Russian,pond,пруд,0
English,Russian,intimacy,близость,0
English,Russian,shallow,мелкий,0
Russian,English,дефис,hyphen,0
English,Russian,cleavage,расщепление,0
English,Russian,unspeakable,невыразимый,0
English,Russian,disgrantled,недовольный,0
English,Russian,nearly,почти,0
English,Russian,quilt,лоскутное одеяло,0
English,Russian,indubitably,несомненно,0
English,Russian,wimp,слабак,0
English,Russian,sediment,осадок,0
English,Russian,sedimentary,осадочный,0
English,Russian,tingly,покалывающий,0
English,Russian,call off,отозвать,0
English,Russian,thong,стринги,0
English,Russian,heck,черт,0
English,Russian,plantar warts,подошвенные бородавки,0
English,Russian,plantar,подошвенный,0
English,Russian,amicably,дружно,0
English,Russian,reformed convict,исправленный осужденный,0
English,Russian,rebate,скидка,0
English,Russian,heresy,ересь,0
English,Russian,hoist,подъемник,0
English,Russian,colon,двоеточие,0
English,Russian,plucking,выщипывание,0
English,Russian,demote,понижать в должности,0
English,Russian,attic,чердак,0
English,Russian,veil,вуаль,0
Russian,English,спелый,ripe,0
English,Russian,promiscuous,беспорядочный,0
English,Russian,rowdiness,хулиганство,0
English,Russian,permeation,проникновение,0
English,Russian,perspire,потеть,0
English,Russian,updog,восходящий поток,0
English,Russian,unveil,раскрыть,0
English,Russian,spring,весна,0
English,Russian,booze,выпивка,0
English,Russian,dorky,тупой,0
English,Russian,slit,разрез,0
English,Russian,albeit,хотя,0
English,Russian,buckle up,пристегнитесь,0
English,Russian,bolster,поддержать,0
English,Russian,carpenter,плотник,0
English,Russian,swamped,затоплен,0
English,Russian,accomplice,сообщник,0
English,Russian,drapes,шторы,0
English,Russian,groan,стон,0
English,Russian,inhibit,подавлять,0
English,Russian,obscurity,безвестность,0
English,Russian,endeavour,стараться,0
English,Russian,conceivable,мыслимый,0
English,Russian,rattle off,греметь,0
Russian,English,расстроенный,upset,0
English,Russian,caviats,предостережения,0
English,Russian,supersed,заменить,0
English,Russian,premeditated,преднамеренный,0
English,Russian,overpass,эстакада,0
English,Russian,abducted,похищен,0
Russian,English,удочка,fishing rod,0
English,Russian,lucid,ясный,0
English,Russian,Ripoff,Сдирать,0
English,Russian,litigious,спорный,0
English,Russian,crucified,распятый,0
English,Russian,neglected,заброшенный,0
English,Russian,wholesome,полезный,0
English,Russian,propensity,склонность,0
English,Russian,supplant,вытеснять,0
English,Russian,lurk,прятаться,0
English,Russian,tech savvy,техническая смекалка,0
English,Russian,interrogation,допрос,0
English,Russian,detention,содержание под стражей,0
English,Russian,tapastry,гобелен,0
English,Russian,incite,подстрекать,0
English,Russian,acute,острый,0
English,Russian,intestine,кишечник,0
English,Russian,villi,ворсинки,0
English,Russian,stem cells,стволовые клетки,0
English,Russian,susceptible,восприимчивый,0
English,Russian,handout,раздаточный материал,0
English,Russian,incentive,стимул,0
English,Russian,superficial,поверхностный,0
English,Russian,frame someone,подставить кого-то,0
Russian,English,глухой,deaf,0
English,Russian,sluggish,вялый,0
English,Russian,restrained,сдержанный,0
English,Russian,hatch,люк,0
English,Russian,handsful,пригоршня,0
Russian,English,наблюдательный,observant,0
English,Russian,stale,несвежий,0
English,Russian,indeterminate,неопределенный,0
English,Russian,self-descriptive,информативный,0
English,Russian,self-explanatory,не требует пояснений,0
English,Russian,crumble,рассыпаться,0
English,Russian,aptitude,способность,0
English,Russian,limbo,неопределенность,0
English,Russian,glitch,Сбой,0
English,Russian,dutifully,покорно,0
English,Russian,dealt with,иметь дело с,0
English,Russian,retaliations,возмездие,0
English,Russian,irretrievably,безвозвратно,0
English,Russian,arbitrary,произвольный,0
English,Russian,convict,признать виновным,0
English,Russian,plea,мольба,0
English,Russian,plea deal,сделка о признании вины,0
English,Russian,weed,сорняк,0
English,Russian,ensue,последовать,0
English,Russian,unbeknownst,без ведома,0
English,Russian,attain,достигнуть,0
English,Russian,disambiguation,устранение неоднозначности,0
English,Russian,brag,хвастаться,0
English,Russian,fledge,опереться,0
English,Russian,furry,пушистый,0
English,Russian,conundrum,загадка,0
English,Russian,feign,притворяться,0
English,Russian,squeak,писк,0
English,Russian,constellation,созвездие,0
English,Russian,caret,каретка,0
English,Russian,attrition,потертость,0
Russian,English,опровергнуть,refute,0
English,Russian,contingency,случайность,0
English,Russian,quantitative,количественный,0
English,Russian,causation,причинность,0
English,Russian,deceptively,обманчиво,0
English,Russian,preclude,исключать,0
English,Russian,non-starter,не стартер,0
English,Russian,send off,Отправить,0
English,Russian,show off,выпендриваться,0
English,Russian,replenishment,пополнение,0
English,Russian,contradictory,противоречивый,0
English,Russian,distention,вздутие,0
English,Russian,thoroughness,основательность,0
English,Russian,longitudinal,продольный,0
English,Russian,enlightenment,просветление,0
English,Russian,longevity,долголетие,0
English,Russian,flaw,изъян,0
English,Russian,indentation,отступ,0
English,Russian,sporadic,спорадический,0
English,Russian,toss out,выбрасывать,0
English,Russian,fiduciary,доверенное лицо,0
English,Russian,top notch,превосходный,0
English,Russian,outspoken,откровенный,0
English,Russian,frothy,пенистый,0
English,Russian,preposterous,нелепый,0
English,Russian,on hover,при наведении,0
English,Russian,hover,зависать,0
English,Russian,successive,последующий,0
English,Russian,celebratory,праздничный,0
English,Russian,entitled,озаглавленный,0
English,Russian,affixed,прикрепленный,0
English,Russian,factual,фактический,0
English,Russian,affection,привязанность,0
English,Russian,partiality,пристрастность,0
English,Russian,derogatory,уничижительный,0
English,Russian,stumble across,случайно натолкнуться на,0
English,Russian,kick off,подать мяч,0
English,Russian,hernia,грыжа,0
English,Russian,pierce,проколоть,0
English,Russian,syringe,шприц,0
English,Russian,padlock,замок,0
English,Russian,tow,кудель,0
English,Russian,pushover,пустяковое дело,0
English,Russian,salvo,залп,0
English,Russian,hobo,бродяга,0
English,Russian,wigwam,вигвам,0
English,Russian,shakedown,вымогательство,0
English,Russian,rattle,погремушка,0
English,Russian,spoliation,расхищение,0
English,Russian,curse,проклятие,0
English,Russian,medicinal,лекарственный,0
English,Russian,remarkable,замечательный,0
English,Russian,stir up,размешать,0
English,Russian,bask,греться,0
English,Russian,intractable,неподатливый,0
English,Russian,ingrate,неблагодарный,0
English,Russian,contempt,презрение,0
English,Russian,wax,воск,0
English,Russian,crave,жаждать,0
English,Russian,nudge,слегка подталкивать локтем,0
English,Russian,gaze up,вглядываться,0
English,Russian,snout,рыло,0
English,Russian,undignified,недостойный,0
English,Russian,banishment,высылка,0
English,Russian,slurp up,разрывать,0
English,Russian,bleak,мрачный,0
English,Russian,cough up,выкашливать,0
English,Russian,pliable,гибкий,0
English,Russian,detached,отдельный,0
English,Russian,cohabit,сожительствовать,0
English,Russian,revulsion,отвращение,0
English,Russian,pinpoint,определить,0
English,Russian,specimen,образец,0
English,Russian,negligence,небрежность,0
English,Russian,dreadful,ужасный,0
English,Russian,bust,бюст,0
English,Russian,standoff,тупик,0
English,Russian,berth,спальное место,0
English,Russian,hailing,град,0
English,Russian,hijack,похищать,0
English,Russian,commend,рекомендовать,0
English,Russian,strip out,вычеркнуть,0
English,Russian,consent,согласие,0
English,Russian,malfunction,неисправность,0
English,Russian,read up on,следить за публикациями,0
English,Russian,posterior,задний,0
English,Russian,insula,островок,0
English,Russian,dorsal,спинной,0
English,Russian,burrow,нора,0
English,Russian,mental,умственный,0
English,Russian,obscenity,непристойность,0
English,Russian,seizure,захват,0
English,Russian,stumble,спотыкаться,0
English,Russian,stumbling,спотыкаясь,0
English,Russian,tech murk,хаос,0
English,Russian,murk,хмурость,0
English,Russian,stash,копить,0
English,Russian,mimicking,имитирующий,0
English,Russian,habitat,естественная среда,0
English,Russian,sacking,увольнение,0
English,Russian,sack,мешок,0
English,Russian,tech-savvy,технически подкованные,0
English,Russian,halted,приостановлено,0
English,Russian,incarceration,лишение свободы,0
English,Russian,roach,плотва,0
English,Russian,stab,удар ножом,0
English,Russian,discursive,непоследовательный,0
English,Russian,profanity,профанация,0
English,Russian,nosedive,пикирование,0
English,Russian,converse,обратный,0
English,Russian,conceivably,предположительно,0
English,Russian,lay out,выкладывать,0
English,Russian,wallow,барахтаться,0
English,Russian,waver,дрогнуть,0
English,Russian,restraint,сдержанность,0
English,Russian,forceful,убедительный,0
English,Russian,ambiguous,двусмысленный,0
English,Russian,willingly,охотно,0
English,Russian,raid,набег,0
English,Russian,conscience,совесть,0
English,Russian,hold off,откладывать,0
English,Russian,divining rod,гадающий стержень,0
English,Russian,infrared,инфракрасный,0
English,Russian,hillbilly,деревенщина,0
English,Russian,lousy,паршивый,0
English,Russian,wank,онанизм,0
English,Russian,succumb,поддаваться,0
English,Russian,deaf,глухой,0
English,Russian,cut a deal,заключить сделку,0
English,Russian,intimate,интимный,0
English,Russian,pursue,преследовать,0
English,Russian,temperance,умеренность,0
English,Russian,sheer,отвесный,0
English,Russian,rampant,безудержный,0
English,Russian,insensitive,нечувствительный,0
English,Russian,plantain,подорожник,0
English,Russian,revere,благоговеть,0
English,Russian,nonsensical,бессмысленный,0
English,Russian,condescend,снисходить,0
English,Russian,distillation,дистилляция,0
English,Russian,wrapped,завернутый,0
English,Russian,stunt,трюк,0
English,Russian,despise,презирать,0
English,Russian,subtle,тонкий,0
English,Russian,get away,уходи,0
English,Russian,landslide,оползень,0
English,Russian,gut,потрошить,0
English,Russian,clatter,трескотня,0
English,Russian,condemn,осуждать,0
English,Russian,hijacker,угонщик,0
English,Russian,relegate,низводить,0
English,Russian,fateful,роковой,0
English,Russian,reap,пожинать,0
English,Russian,drum up,зазывать,0
English,Russian,remand,возвращение под стражу,0
English,Russian,incriminate,инкриминировать,0
English,Russian,thrive,процветать,0
English,Russian,tip over,опрокидываться,0
English,Russian,batten,половая доска,0
English,Russian,hatches,люки,0
English,Russian,chop,нарубить,0
English,Russian,probate,утверждение завещания,0
English,Russian,condolences,соболезнование,0
English,Russian,subpoena,вызов в суд,0
English,Russian,gibberish,тарабарщина,0
English,Russian,neatly,аккуратно,0
English,Russian,hit on,попадание,0
English,Russian,wipe out,уничтожать,0
English,Russian,chit chat,болтовня,0
English,Russian,taser,электрошоковый пистолет,0
English,Russian,manor,поместье,0
English,Russian,rATTLE,погремушка,0
English,Russian,consummate,консуммировать,0
English,Russian,rose hip,шиповник,0
English,Russian,mutt,остолоп,0
English,Russian,sedative,успокоительное,0
English,Russian,fade away,исчезнуть,0
English,Russian,dicey,рискованный,0
English,Russian,twisted,скрученный,0
English,Russian,depraved,развращенный,0
English,Russian,bring up,воспитывать,0
English,Russian,pawn,пешка,0
English,Russian,pop off,выскакивать,0
English,Russian,implode,взрываться,0
English,Russian,jerk off,отрываться,0
English,Russian,hooker,проститутка,0
English,Russian,hook,крюк,0
English,Russian,stand out,выделяться,0
English,Russian,douchebag,придурок,0
English,Russian,eviscerate,опустошать,0
English,Russian,enlightening,поучительный,0
English,Russian,surveillance,наблюдение,0
English,Russian,reign,царствовать,0
English,Russian,extinguish,тушить,0
English,Russian,knocked off,сбил,0
English,Russian,turn over,переворачивать,0
English,Russian,propel,приводить в движение,0
English,Russian,savor,Вкус,0
English,Russian,outrage,безобразие,0
English,Russian,preach,проповедовать,0
English,Russian,indict,предъявлять обвинение,0
English,Russian,impede,затруднять,0
English,Russian,outright,прямой,0
English,Russian,conflate,объединять,0
English,Russian,invincibility,непобедимость,0
English,Russian,rough up,грубый,0
English,Russian,rough,грубый,0
English,Russian,slip,слип,0
English,Russian,smuggling,контрабанда,0
English,Russian,clockwork,заводной,0
English,Russian,oppression,угнетение,0
Russian,English,выдавать,betray,0
English,Russian,dispense,распределять,0
English,Russian,closure,закрытие,0
English,Russian,urge,побуждать,0
English,Russian,blatant,вопиющий,0
English,Russian,vogue,мода,0
English,Russian,chunk,ломоть,0
English,Russian,pull through,тянуть,0
English,Russian,somber,угрюмый,0
English,Russian,compassion,сострадание,0
English,Russian,tip off,отскакивать,0
English,Russian,divulge,разглашать,0
English,Russian,revoke,отзывать,0
English,Russian,outstrip,опережать,0
English,Russian,blueprint,план,0
English,Russian,extortion,вымогательство,0
English,Russian,whistleblower,осведомитель,0
English,Russian,wrap up,заворачивать,0
English,Russian,fallout,выпадать,0
English,Russian,dispel,рассеять,0
English,Russian,sealed,запечатанный,0
English,Russian,overwhelming,подавляющий,0
English,Russian,impugn,опровергать,0
English,Russian,consolation,утешение,0
English,Russian,deceiver,обманщик,0
English,Russian,adherent,приверженец,0
English,Russian,withstand,выдерживать,0
English,Russian,proliferation,пролиферация,0
English,Russian,accordingly,соответственно,0
English,Russian,decent,порядочный,0
English,Russian,preempt,упредить,0
English,Russian,at large,в целом,0
Russian,English,оправдывать,justify,0
English,Russian,wrapper,обертка,0
English,Russian,meaningful,значимым,0
English,Russian,roll up the window,сверните окно,0
English,Russian,cub,детеныш,0
English,Russian,set off,отправляться,0
English,Russian,ultimately,в конечном счете,0
English,Russian,scrutinize,тщательно исследовать,0
English,Russian,cutlery,столовые приборы,0
English,Russian,eloquent,красноречивый,0
English,Russian,itinerary,маршрут,0
English,Russian,unpalatable,невкусный,0
English,Russian,outlier,останец,0
English,Russian,underwhelming,сокрушающей,0
English,Russian,disprove,опровергать,0
English,Russian,decapitate,обезглавить,0
English,Russian,deft,ловкий,0
English,Russian,surface,поверхность,0
English,Russian,inundated,наводнены,0
English,Russian,get off,выходить,0
English,Russian,tackle,снасти,0
English,Russian,brute force,грубая сила,0
English,Russian,backfill,засыпка,0
English,Russian,prospecting,разведочные работы,0
English,Russian,imminent,неизбежный,0
English,Russian,concatenation,конкатенация,0
English,Russian,wire up,подключаться,0
English,Russian,underplayed,недооценивается,0
English,Russian,overplayed,переигрывают,0
English,Russian,ramp up,наращивать,0
English,Russian,dodgy,изворотливый,0
English,Russian,zealous,ревностный,0
English,Russian,funky,трусливый,0
English,Russian,breadth,ширина,0
English,Russian,cavalierly,бесцеремонно,0
English,Russian,impetuously,безудержно,0
English,Russian,spin off,дополнительная выгода,0
English,Russian,in lieu,вместо,0
English,Russian,compromise,компромисс,0
English,Russian,gauge,калибр,0
English,Russian,cluttered,загроможден,0
English,Russian,thoughtfully,глубокомысленно,0
English,Russian,blizzard,метель,0
English,Russian,intrigued,заинтригован,0
English,Russian,inventive,изобретательский,0
English,Russian,drowsy,сонный,0
English,Russian,prospect,перспектива,0
English,Russian,revamp,обновляют,0
English,Ukrainian,deceptive,оманливий,0
English,Russian,sparse,редкий,0
English,Russian,ubiquity,вездесущность,0
English,Russian,ascertain,определять,0
English,Russian,Redundancy,избыточность,0
English,Russian,fraudulent,мошеннический,0
English,Russian,elicitation,выявление,0
English,Russian,cognizant,осведомленный,0
English,Russian,delve,копаться,0
English,Russian,prompt,незамедлительный,0
English,Russian,aim,цель,0
English,Russian,tune,мелодия,0
English,Russian,trade off,компромисс,0
English,Russian,cough,кашель,0
English,Russian,concurrent,параллельный,0
English,Russian,concurrency,совпадение,0
English,Russian,interchangeably,взаимозаменяемые,0
English,Russian,outlandish,диковинный,0
English,Russian,dreary,тоскливый,0
English,Russian,darn,штопать,0
English,Russian,worthwhile,стоит,0
English,Russian,vowel,гласная буква,0
